edge_id,u,v,key,osm_length_m,osm_time_s,speed_kph,highway,oneway,u_lat,u_lon,v_lat,v_lon
7509933977_2317306668_0,7509933977,2317306668,0,231.87097871402514,40.427550622379,20.647689768976896,residential,False,-6.8657968,107.5858451,-6.8654579,107.5837727
1438388885_1667734212_0,1438388885,1667734212,0,197.1583938678922,34.37528488009539,20.647689768976896,residential,False,-6.9267892,107.6399026,-6.9270033,107.6381421
4161973266_4161973280_0,4161973266,4161973280,0,90.62113968260533,15.800126140385359,20.647689768976896,residential,False,-6.9560769,107.6693969,-6.9559944,107.6685801
5197936381_3443083768_0,5197936381,3443083768,0,56.53273375047726,9.85668826773556,20.647689768976896,residential,False,-6.8903173,107.625187,-6.889809,107.6251857
29377272_5504550388_0,29377272,5504550388,0,161.09057961719463,28.086729949480265,20.647689768976896,residential,False,-6.9115918,107.5718363,-6.9102396,107.572356
25773222_1849960309_0,25773222,1849960309,0,50.68167472720019,8.8365347919968,20.647689768976896,residential,False,-6.9015279,107.6275454,-6.9019397,107.6277221
5353648414_5353648411_0,5353648414,5353648411,0,157.0759786809256,27.386769637586998,20.647689768976896,residential,False,-6.9383679,107.6722412,-6.9369707,107.6724381
5463437276_5865368006_0,5463437276,5865368006,0,76.68267005357478,13.369903135974324,20.647689768976896,residential,False,-6.9280629,107.7117509,-6.9275132,107.7118385
5472190068_5472190068_1,5472190068,5472190068,1,97.68314763027485,17.031412976639967,20.647689768976896,residential,False,-6.8821839,107.6265039,-6.8821839,107.6265039
9342504380_5355867082_0,9342504380,5355867082,0,61.32453090139757,10.692155573585529,20.647689768976896,residential,False,-6.9086474,107.6874129,-6.9083585,107.6871246
2255972088_2255972096_0,2255972088,2255972096,0,121.93347720215766,21.2595463627754,20.647689768976896,residential,False,-6.9524307,107.6630402,-6.9525878,107.6641335
3445439295_3445439092_0,3445439295,3445439092,0,50.56787465884964,8.816693335124585,20.647689768976896,residential,False,-6.9388974,107.5754948,-6.9384538,107.5755957
5394844924_5394843541_0,5394844924,5394843541,0,68.87519650510545,12.008641653989054,20.647689768976896,residential,False,-6.9176374,107.6474949,-6.9170602,107.6477188
4141549884_7536989722_0,4141549884,7536989722,0,76.17655022489171,13.28165929835155,20.647689768976896,residential,False,-6.9626726,107.6528238,-6.9625441,107.652146
13286689381_7134815839_0,13286689381,7134815839,0,57.495966590340416,10.02463142565328,20.647689768976896,residential,True,-6.8988937,107.6762375,-6.8987685,107.6757357
3862534190_3862534189_0,3862534190,3862534189,0,67.48529321122304,11.766306946621713,20.647689768976896,residential,False,-6.9447199,107.658148,-6.9446836,107.6575377
5460962209_4116932146_0,5460962209,4116932146,0,58.91938310538738,10.272809285331718,20.647689768976896,residential,False,-6.9609295,107.6736688,-6.9609521,107.6742019
5458620347_5447111082_0,5458620347,5447111082,0,130.7904693209233,22.803795234407694,20.647689768976896,residential,False,-6.9046101,107.7231923,-6.9036174,107.7238229
7513405156_11807112156_0,7513405156,11807112156,0,81.06823313100979,14.134542049839038,20.647689768976896,residential,False,-6.9544356,107.6393071,-6.9551482,107.6394602
8775758239_5356438314_0,8775758239,5356438314,0,86.80180942524768,15.13421198338624,20.647689768976896,residential,False,-6.907458,107.7061954,-6.9081675,107.7061362
4054886242_4054886209_0,4054886242,4054886209,0,211.5818824533526,36.890072708110615,20.647689768976896,residential,False,-6.9558785,107.7100393,-6.9561042,107.7084401
5354124377_5354124388_0,5354124377,5354124388,0,75.37758971326768,13.142357619857323,20.647689768976896,residential,False,-6.9019366,107.6891604,-6.9026136,107.6891255
1778148903_1778148847_0,1778148903,1778148847,0,150.62684774848378,26.262340143703675,20.647689768976896,residential,False,-6.9229895,107.6219829,-6.9243102,107.62168
29377902_29377916_0,29377902,29377916,0,144.25132454626026,25.150744425983728,20.647689768976896,residential,False,-6.886636,107.5867246,-6.8859797,107.5859386
5482194014_5353901415_0,5482194014,5353901415,0,139.63932055084473,24.346624712385445,20.647689768976896,residential,False,-6.943933,107.616143,-6.9451888,107.6161395
3108109961_3108109966_0,3108109961,3108109966,0,66.0762255797776,11.520630867120305,20.647689768976896,residential,False,-6.9374136,107.6337179,-6.9379738,107.6338756
3115173106_3115195450_0,3115173106,3115195450,0,241.6695599892896,42.13596899681392,20.647689768976896,residential,False,-6.9524007,107.6302388,-6.9532722,107.6322437
5389085448_5354199913_0,5389085448,5354199913,0,93.22038564855998,16.253314152319557,20.647689768976896,residential,False,-6.9067027,107.7080847,-6.9075251,107.7079614
1396378245_1396378169_0,1396378245,1396378169,0,62.767983030085674,10.943826715559233,20.647689768976896,residential,False,-6.8659652,107.5907625,-6.8665204,107.5906598
3115455978_3115455973_0,3115455978,3115455973,0,116.88754767792662,20.379770150982196,20.647689768976896,residential,False,-6.9577465,107.5837096,-6.9574063,107.5827076
6382672039_5354184219_0,6382672039,5354184219,0,137.17135001094115,23.91632504965988,20.647689768976896,residential,False,-6.9164951,107.6906837,-6.9154603,107.6909048
3445557789_3445561128_0,3445557789,3445561128,0,55.64075301984936,9.701168174873397,20.647689768976896,residential,False,-6.9069366,107.5729827,-6.9064401,107.5730419
1801230151_5474527087_0,1801230151,5474527087,0,227.8996129154043,39.7351285143853,20.647689768976896,residential,False,-6.8836618,107.6242944,-6.8848094,107.6257369
11369490713_11303668103_0,11369490713,11303668103,0,69.79452255134626,12.16892950233902,20.647689768976896,residential,True,-6.8877297,107.5967633,-6.8874559,107.5961963
5850126647_7193193783_0,5850126647,7193193783,0,124.74785677076937,21.75024370278605,20.647689768976896,residential,False,-6.9052044,107.6073639,-6.9059534,107.6065336
5447157661_4118521462_0,5447157661,4118521462,0,144.11185029979484,25.126426582540056,20.647689768976896,residential,False,-6.9549854,107.6466909,-6.955888,107.647106
5490552147_5482193709_0,5490552147,5482193709,0,63.73731974728665,11.112834106747696,20.647689768976896,residential,False,-6.9517758,107.6160206,-6.9516227,107.6163883
6445031528_5356357321_0,6445031528,5356357321,0,73.08313870296561,12.742311719831351,20.647689768976896,residential,False,-6.9029218,107.6147053,-6.9030489,107.615338
4681201089_4681201088_0,4681201089,4681201088,0,144.6353454855948,25.217699877032853,20.647689768976896,residential,False,-6.9470621,107.6720905,-6.9470814,107.6734007
13049910505_5354184416_0,13049910505,5354184416,0,69.24533095432702,12.073175944851933,20.647689768976896,residential,False,-6.9187157,107.699044,-6.9184409,107.6984811
1666614380_29376874_0,1666614380,29376874,0,299.50802219231934,52.22031578139971,20.647689768976896,residential,False,-6.8994479,107.5904151,-6.9017043,107.5906124
1108674441_5397556637_0,1108674441,5397556637,0,51.79733884834402,9.323520992701923,20.0,residential,False,-6.9393626,107.6303401,-6.9398063,107.6301972
302257082_4643422880_0,302257082,4643422880,0,175.936388349035,30.675150834945438,20.647689768976896,residential,False,-6.9220605,107.6634206,-6.9225912,107.6619544
1107817469_1667532271_0,1107817469,1667532271,0,108.9533115568967,18.996407152249816,20.647689768976896,residential,False,-6.930128,107.6491243,-6.9291715,107.6493379
3445462881_3445462878_0,3445462881,3445462878,0,83.25170071984218,14.515237585646968,20.647689768976896,residential,False,-6.9006269,107.5655542,-6.9002164,107.5649235
1409850986_4504616326_0,1409850986,4504616326,0,54.165744417260434,9.44399504660902,20.647689768976896,residential,False,-6.8694599,107.615754,-6.8699383,107.6156651
5355818942_8763102798_0,5355818942,8763102798,0,53.87044835970345,9.392509102220105,20.647689768976896,residential,False,-6.9064397,107.7062039,-6.9068088,107.70652
8410929433_5458620243_0,8410929433,5458620243,0,157.42535917877035,27.44768540135108,20.647689768976896,residential,False,-6.9090902,107.7222977,-6.9099921,107.7212
5488117431_5488116534_0,5488117431,5488116534,0,54.762903179866214,9.54811185432137,20.647689768976896,residential,False,-6.9571808,107.5949374,-6.9567496,107.5951674
2016370371_5456175441_0,2016370371,5456175441,0,73.66994343289785,12.844623264192604,20.647689768976896,residential,False,-6.8747515,107.5784337,-6.8741449,107.5787018
5447136689_11507145325_0,5447136689,11507145325,0,75.80747843160408,13.217310285425572,20.647689768976896,residential,False,-6.8688618,107.6049202,-6.8686192,107.6045029
6436583100_5455565512_0,6436583100,5455565512,0,103.69784903706334,18.080098098641948,20.647689768976896,residential,False,-6.8954408,107.6778629,-6.8948496,107.6785482
5346063802_5346063799_0,5346063802,5346063799,0,50.26896597228107,8.764577515694576,20.647689768976896,residential,False,-6.9154494,107.6782855,-6.9158835,107.6781588
5354200632_5354200633_0,5354200632,5354200633,0,71.36890288424246,12.44342845412694,20.647689768976896,residential,False,-6.9076773,107.6959181,-6.9078824,107.6965152
5059523327_5458147981_0,5059523327,5458147981,0,121.1654381273769,21.12563594954529,20.647689768976896,residential,False,-6.8605844,107.6084042,-6.859828,107.6076143
6385743749_5460792600_0,6385743749,5460792600,0,129.37438169805498,22.556895193804337,20.647689768976896,residential,False,-6.9637981,107.665325,-6.964272,107.6660652
5355819050_7283790973_0,5355819050,7283790973,0,101.98653406253982,17.781724092774176,20.647689768976896,residential,False,-6.9066311,107.7051665,-6.9068807,107.7057143
4118521436_9351870799_0,4118521436,9351870799,0,111.87168045960263,19.50523541184169,20.647689768976896,residential,False,-6.9573888,107.6464639,-6.9565732,107.6467227
2255977972_2255977947_0,2255977972,2255977947,0,58.24550952484105,10.155316969382076,20.647689768976896,residential,False,-6.9520979,107.6590006,-6.9515781,107.6590658
5865250821_5463437309_0,5865250821,5463437309,0,95.97972186521339,16.734414483208756,20.647689768976896,residential,False,-6.9235367,107.7125664,-6.924121,107.7132064
5471927425_6436533772_0,5471927425,6436533772,0,66.55827469885469,11.604677888752958,20.647689768976896,residential,False,-6.8927766,107.662518,-6.8932346,107.6621506
4002514451_3959652917_0,4002514451,3959652917,0,127.44776123021289,22.2209818900965,20.647689768976896,residential,False,-6.9406288,107.7126428,-6.9406533,107.7118385
5646922186_1396428209_0,5646922186,1396428209,0,79.14702126782889,13.799571756075567,20.647689768976896,residential,False,-6.8924717,107.5697229,-6.8917656,107.5696549
5867480756_5867480757_0,5867480756,5867480757,0,61.04813065026983,10.643964181948345,20.647689768976896,residential,False,-6.8717172,107.605741,-6.8722518,107.6056151
5394983725_5155448055_0,5394983725,5155448055,0,83.17659561540783,14.502142736829068,20.647689768976896,residential,False,-6.9154235,107.6573699,-6.914676,107.6573981
3029831021_5444283507_0,3029831021,5444283507,0,68.16406604434727,11.884653465122717,20.647689768976896,residential,False,-6.8634044,107.5862967,-6.8631214,107.585749
3274557964_5369663032_0,3274557964,5369663032,0,76.95260846458795,13.851469523625832,20.0,living_street,False,-6.9053675,107.638863,-6.9058916,107.6393031
12841104396_1711736719_0,12841104396,1711736719,0,500.75194490535466,129.46371786446582,13.924418604651162,living_street,False,-6.8802951,107.6040663,-6.8773606,107.6061907
5397556674_6715130341_0,5397556674,6715130341,0,96.26782299780588,24.888950313253197,13.924418604651162,living_street,False,-6.9412082,107.6280034,-6.94194,107.6275375
6642480047_6642480083_0,6642480047,6642480083,0,95.13087967917495,24.595006554215086,13.924418604651162,living_street,False,-6.9326351,107.7207823,-6.9322391,107.7201124
7698386167_3274792795_0,7698386167,3274792795,0,52.660246916692195,13.614707678837497,13.924418604651162,living_street,False,-6.8975242,107.6472746,-6.8979906,107.6471919
3115073831_5488117483_0,3115073831,5488117483,0,64.72819931582602,16.734739464033183,13.924418604651162,living_street,False,-6.9559744,107.590995,-6.9565396,107.5908583
6643125651_6643125650_0,6643125651,6643125650,0,58.70334974452503,15.177083157331898,13.924418604651162,living_street,False,-6.8799663,107.6283561,-6.8800978,107.6288711
9612008120_9612008121_0,9612008120,9612008121,0,68.34615435633349,17.67012057513223,13.924418604651162,living_street,False,-6.9144359,107.5811424,-6.9138236,107.5811965
4191863531_8764024448_0,4191863531,8764024448,0,89.17200695535354,23.05440781075362,13.924418604651162,living_street,False,-6.9031647,107.6647721,-6.9039446,107.6647137
4681200999_4681200998_0,4681200999,4681200998,0,103.96401681146844,26.878713657478606,13.924418604651162,living_street,True,-6.9512436,107.6815823,-6.9511213,107.6806485
11367186529_8767825379_0,11367186529,8767825379,0,66.92718182764949,17.30326137272675,13.924418604651162,living_street,False,-6.9204332,107.601817,-6.919833,107.6018624
5455605140_5455605143_0,5455605140,5455605143,0,91.99405523590272,23.784016284789548,13.924418604651162,living_street,False,-6.8643914,107.5884086,-6.8647792,107.5891269
5461005959_5461005961_0,5461005959,5461005961,0,73.0453325795614,18.88503963810623,13.924418604651162,living_street,False,-6.9637452,107.7046119,-6.9636344,107.7039635
4116903622_6377275591_0,4116903622,6377275591,0,169.41106640702984,43.799303682351926,13.924418604651162,living_street,False,-6.9521445,107.6830206,-6.9519597,107.6814971
5460962040_5460962041_0,5460962040,5460962041,0,131.32802607736576,33.95336690902083,13.924418604651162,living_street,False,-6.9636157,107.6777127,-6.9634838,107.6765305
2012626624_2012626558_1,2012626624,2012626558,1,160.15679283285755,41.40671654367657,13.924418604651162,living_street,False,-6.8894415,107.561813,-6.8901378,107.5612839
2255977974_2255977984_0,2255977974,2255977984,0,113.88660946565534,29.44408709024375,13.924418604651162,living_street,False,-6.9521208,107.6579572,-6.9523868,107.6589464
312086553_312086915_0,312086553,312086915,0,123.14502302870682,19.514656280912778,22.717391304347824,tertiary,False,-6.8827522,107.6086142,-6.8831138,107.609612
5353901181_5353901180_0,5353901181,5353901180,0,50.00807602699352,7.924724775186726,22.717391304347824,tertiary,False,-6.9398447,107.6236207,-6.940263,107.6234543
5455744939_2037649892_0,5455744939,2037649892,0,171.80214578550402,27.225296978066478,22.717391304347824,tertiary,False,-6.8725127,107.5985771,-6.8719392,107.5999499
5397822768_1667742416_0,5397822768,1667742416,0,82.70625163858672,13.106368680717667,22.717391304347824,tertiary,False,-6.9401296,107.6430479,-6.9400168,107.6423073
1980735113_1980602380_0,1980735113,1980602380,0,97.65447010501175,15.475196410899473,22.717391304347824,tertiary,False,-6.9384481,107.628426,-6.9380482,107.6276384
1849960589_5392239630_0,1849960589,5392239630,0,142.06690517821744,22.51318612202183,22.717391304347824,tertiary,False,-6.9109607,107.6352125,-6.9105238,107.6340032
3110265315_3445700805_0,3110265315,3445700805,0,62.43324102289894,9.893726998461307,22.717391304347824,tertiary,False,-6.9433838,107.6029955,-6.942826,107.6030596
5360355190_3278061603_0,5360355190,3278061603,0,88.20658881890722,13.97800106068042,22.717391304347824,tertiary,True,-6.9287163,107.6164635,-6.9290845,107.6171713
11953687707_1014722675_0,11953687707,1014722675,0,68.80227708315267,10.903021133942664,22.717391304347824,tertiary,False,-6.9374346,107.6030195,-6.9380461,107.6031103
6470450617_6470450611_0,6470450617,6470450611,0,82.0360313268598,8.163585556428975,36.1764705882353,primary,True,-6.9239093,107.6250865,-6.9238018,107.6243612
1900221419_1900221412_0,1900221419,1900221412,0,60.52903537787855,6.023377179066938,36.1764705882353,primary,True,-6.8941606,107.6026305,-6.8946976,107.6025407
320093965_1013384626_0,320093965,1013384626,0,200.13568233715304,19.91594107159962,36.1764705882353,primary,True,-6.8830235,107.6025819,-6.8839936,107.6040202
2317306738_5356356911_0,2317306738,5356356911,0,256.9402559422041,25.5686888840047,36.1764705882353,primary,True,-6.9076628,107.6073865,-6.9071438,107.6051824
1787180514_306901687_0,1787180514,306901687,0,289.3499869790585,25.182987877737837,41.36363636363637,secondary,False,-6.8675814,107.5799511,-6.8671524,107.5774339
5344074301_3445438455_0,5344074301,3445438455,0,55.24377043921041,4.808029251412598,41.36363636363637,secondary,False,-6.9195903,107.566862,-6.9196723,107.5673556
1665251112_3249461526_0,1665251112,3249461526,0,137.44947768872902,11.962635860381688,41.36363636363637,secondary,False,-6.8920002,107.5992715,-6.8908128,107.5996153
6583477353_3115552767_0,6583477353,3115552767,0,359.60483340454283,31.297475610593178,41.36363636363637,secondary,False,-6.9384042,107.5670471,-6.9415133,107.5662869
